1.0,0.42219509157509155,0.42189663003663,0.5395604395604395,0.5304571916971917,0.5596933821733822,0.27248676434676433
1.0,0.4592728205128205,0.4255731868131868,0.5595170207570208,0.5384072771672771,0.5778591697191696,0.2844390231990232
1.0,0.47741147741147744,0.42915479853479854,0.5752950671550671,0.5560168253968254,0.5999728693528693,0.2962556043956044
1.0,0.4872608791208791,0.43380815628815633,0.5881291575091575,0.5676570451770452,0.6155881074481074,0.3053181440781441
1.0,0.4919685225885226,0.43802739926739925,0.5984940903540903,0.5781305006105005,0.6294261294261294,0.31328178266178264
1.0,0.4944376556776557,0.4424094505494505,0.6079907692307692,0.5860127472527473,0.6410392185592186,0.31957672771672774
1.0,0.409537387057387,0.4241215628815629,0.5732872039072039,0.6022113797313797,0.6283679365079365,0.2986976068376068
1.0,0.45757699633699633,0.42687560439560435,0.5919006837606837,0.5912630525030526,0.6322480097680098,0.3044363125763126
1.0,0.48129155067155066,0.4303215384615385,0.6015059096459097,0.5912087912087912,0.6388414163614164,0.31013431013431014
1.0,0.4919685225885226,0.4348256654456655,0.6174603174603175,0.6091032478632479,0.6607651526251526,0.3261565567765568
1.0,0.4296160683760684,0.42607516483516483,0.545448376068376,0.5574141880341881,0.5830145054945055,0.2875593650793651
1.0,0.4638041025641026,0.4287749206349206,0.5652421733821734,0.5572513797313797,0.5923076923076923,0.29458688644688646
1.0,0.48456112332112333,0.433753894993895,0.5820648595848597,0.5671414896214896,0.6092117704517704,0.30465338217338217
1.0,0.4919956532356532,0.4396825396825397,0.5976258363858363,0.5811287423687425,0.6289377289377289,0.3156288156288156
1.0,0.4942477167277167,0.4450278144078144,0.6036765811965812,0.5810609035409036,0.6331569719169718,0.3183014407814408
1.0,0.49236195360195356,0.45022385836385836,0.6114638339438339,0.5877492796092796,0.6430877655677655,0.32375526251526254
1.0,0.3742640048840049,0.44905711843711843,0.5558675946275946,0.5215981440781441,0.5600732600732601,0.30245557997558
1.0,0.4072039072039072,0.4523945299145299,0.5724596336996337,0.5307285225885225,0.5783068864468865,0.31401438339438337
1.0,0.42311763125763124,0.4561389255189255,0.5859991941391942,0.5514991208791209,0.6003391697191697,0.3241486935286935
1.0,0.4307421001221001,0.4592592673992674,0.597150989010989,0.5697598778998779,0.6191018803418804,0.33280422466422466
1.0,0.43345543345543347,0.462610231990232,0.6089268864468865,0.5896621978021979,0.6404694017094017,0.3423416117216117
1.0,0.4347849572649573,0.4664495970695971,0.6213403907203907,0.6081807081807081,0.6606430525030524,0.35202822954822954
1.0,0.3681861294261294,0.4467779242979243,0.5655948962148962,0.5689323076923076,0.60187221001221,0.3076380463980464
1.0,0.4014109401709402,0.4487450793650794,0.5800298412698414,0.5661646886446886,0.6094831013431012,0.314516336996337
1.0,0.4157644932844933,0.4514177289377289,0.5888753113553113,0.5715506715506715,0.6193460805860806,0.32132681318681316
1.0,0.42201873015873015,0.4550128937728938,0.6014244932844932,0.5909917216117216,0.6401166788766789,0.33171890109890106
1.0,0.4246235164835165,0.4582553357753358,0.6089404395604395,0.5973002197802197,0.6482295482295483,0.3363994139194139
1.0,0.4251254945054945,0.4618097924297925,0.6140415140415141,0.6020485714285714,0.6549993162393163,0.3399674481074481
1.0,0.4079772161172161,0.4530457142857143,0.5727445421245421,0.5393298168498168,0.5896079120879121,0.3249355555555556
1.0,0.4281915506715507,0.45567765567765567,0.5903676678876679,0.5608194383394384,0.6141907448107449,0.3350291575091575
1.0,0.43752544566544566,0.45879799755799755,0.6015194627594628,0.5723782417582417,0.62816442002442,0.3412427106227106
1.0,0.44143264957264955,0.4617962393162393,0.6086962393162393,0.5804368498168498,0.6372134065934065,0.3454619536019536
1.0,0.44238231990231985,0.4649301343101343,0.6172568253968255,0.5940442246642247,0.6518382905982906,0.35204178266178265
1.0,0.4430742124542124,0.468199706959707,0.6244878632478632,0.6017772405372405,0.661321391941392,0.3558540170940171
1.0,0.3378374603174603,0.483530061050061,0.48362500610500614,0.46564915750915753,0.5226292307692308,0.24300637606837608
1.0,0.3668701587301587,0.48578212454212455,0.5148555067155066,0.5087912087912088,0.5611992918192918,0.262501684981685
1.0,0.38770859584859585,0.4881834188034188,0.5397775091575091,0.5314204395604396,0.5851173626373627,0.2761904761904762
1.0,0.3968118192918193,0.4904219291819292,0.5563559951159951,0.5490028571428572,0.6020892796092796,0.2869352869352869
1.0,0.40261836385836386,0.4938949938949939,0.5706010012210012,0.5588929670329671,0.614421391941392,0.2934608547008547
1.0,0.4061592673992674,0.49651335775335775,0.5839506227106227,0.5732600732600732,0.6292768986568986,0.3032559951159951
1.0,0.4395875702075702,0.47742505494505494,0.518545641025641,0.472039072039072,0.5541853235653236,0.24808031746031747
1.0,0.45166192918192916,0.4794329181929182,0.5554877167277168,0.5386243467643468,0.6097680097680098,0.2774928693528694
1.0,0.458499536019536,0.48184778998779,0.5661375579975579,0.5400217094017093,0.614231452991453,0.27830688644688645
1.0,0.4630579242979243,0.4844525763125763,0.570275409035409,0.5391941391941392,0.6165242246642247,0.2792836874236874
1.0,0.45848595848595847,0.4768823687423687,0.4887260805860806,0.4852665934065934,0.5454755067155067,0.23661646886446885
1.0,0.47430471306471306,0.4786189010989011,0.516781978021978,0.5275267887667888,0.5853479853479854,0.2552977777777778
1.0,0.4832587057387058,0.480870989010989,0.5436168742368742,0.5547279853479854,0.6141636141636142,0.2719712332112332
1.0,0.4885768498168498,0.48300095238095236,0.5555012942612942,0.5585402197802198,0.620689181929182,0.27597340659340663
1.0,0.4919278144078144,0.48533440781440784,0.5635191941391942,0.5612264224664225,0.6259530647130647,0.2797585103785104
1.0,0.33170532356532356,0.505982905982906,0.5813051037851038,0.5762854456654456,0.6175959951159952,0.2916971916971917
1.0,0.3666802442002442,0.505711575091575,0.5917785836385836,0.5625288400488401,0.6140415140415141,0.2889295970695971
1.0,0.388509010989011,0.5054945054945055,0.5973137973137973,0.5600596825396825,0.6172161172161172,0.2915750915750916
1.0,0.401451623931624,0.5057658363858364,0.6038393650793651,0.5652828571428571,0.6242165323565324,0.29696107448107445
1.0,0.4129290354090354,0.5056708669108669,0.6099715018315017,0.5694342612942612,0.631013431013431,0.3014380708180708
1.0,0.4203771428571429,0.5062542368742369,0.6168498168498169,0.5752408058608058,0.6386378998778999,0.3064170451770452
1.0,0.31991589743589743,0.5063356288156288,0.5160629548229548,0.46796905982905984,0.5573327960927961,0.25021028083028085
1.0,0.34242300366300366,0.507746568986569,0.5386243467643468,0.5005833699633699,0.5853208547008547,0.2659611965811966
1.0,0.3558133333333333,0.5089133089133089,0.5521231746031746,0.517297509157509,0.6011667399267399,0.275362905982906
1.0,0.36513362637362634,0.5106769719169719,0.5619047619047619,0.5265635653235653,0.6110839804639805,0.281155873015873
1.0,0.3719576800976801,0.5119793894993895,0.5685795604395604,0.5343101343101343,0.6185727960927961,0.2857142857142857
1.0,0.3761904761904762,0.5134038827838827,0.5813865201465201,0.5522995604395605,0.6336182417582418,0.2956315262515263
1.0,0.3830959218559219,0.507746568986569,0.5351105738705738,0.48997421245421247,0.5733821733821733,0.268905177045177
1.0,0.39099172161172163,0.5111246886446886,0.552787960927961,0.5153574847374848,0.5956451037851038,0.28080315018315016
1.0,0.39420703296703297,0.5137023443223443,0.5645638339438339,0.5303486691086691,0.6098358485958486,0.28853616605616605
1.0,0.39689323565323564,0.5154795848595849,0.5740876434676434,0.5427486202686203,0.6211097435897436,0.29496676434676433
1.0,0.39671687423687424,0.51756884004884,0.5851580463980465,0.5577669352869353,0.6344051037851037,0.30294398046398047
1.0,0.3965404884004884,0.5193325274725276,0.5910459829059829,0.5644281562881562,0.6413512332112331,0.30643059829059827
1.0,0.274494652014652,0.5244742857142858,0.5198887423687424,0.47514583638583635,0.5431149206349206,0.2519603907203907
1.0,0.28854971916971917,0.5237959462759463,0.5281237362637363,0.48210554334554334,0.5507122588522589,0.2577262271062271
1.0,0.2946547252747253,0.5225478144078144,0.5351784126984127,0.49574007326007324,0.5572513797313797,0.26323428571428575
1.0,0.2972459584859585,0.5213132600732601,0.5431556043956044,0.5102428327228327,0.5644688644688645,0.26824039072039074
1.0,0.360344590964591,0.5329263247863247,0.5746845665445665,0.5358703052503052,0.6150047374847375,0.28034188034188035
1.0,0.3653099877899878,0.5349206349206349,0.58869894993895,0.5517704517704518,0.6290734065934066,0.290489768009768
1.0,0.370858778998779,0.5353819047619047,0.5961335042735043,0.556315286935287,0.6344186568986568,0.29398996336996336
1.0,0.37627186813186814,0.5351919658119658,0.6005562393162392,0.5603852991452991,0.6388142612942612,0.2976936752136752
1.0,0.38359787545787544,0.5349342124542125,0.6050874969474969,0.564373894993895,0.6434133821733822,0.301370231990232
1.0,0.18627052014652015,0.5623253235653236,0.5284764590964591,0.5672229059829059,0.6081128693528693,0.27254105006105006
1.0,0.2062813724053724,0.5609686691086692,0.5427350427350427,0.5711165323565324,0.6159137240537241,0.28331299145299144
1.0,0.21957672039072038,0.5584995360195361,0.5493420268620269,0.5712928937728937,0.61873557997558,0.28895672771672776
1.0,0.23017229792429791,0.5554605860805861,0.5530864224664225,0.5708452014652015,0.6196988278388279,0.29177858363858367
1.0,0.23498846886446886,0.5532763614163615,0.5595577289377289,0.5806267887667889,0.625234017094017,0.2987518681318681
1.0,0.23768823687423687,0.5512142124542125,0.5718627106227105,0.5958078876678876,0.6353276434676435,0.30856058608058606
1.0,0.23794600488400486,0.551309181929182,0.541025641025641,0.5722154334554335,0.6052910134310134,0.27986705738705736
1.0,0.2431284761904762,0.5541174847374848,0.5471170695970695,0.56938,0.6075430769230769,0.28313660561660564
1.0,0.24801247863247863,0.5545787545787546,0.5511870818070819,0.5671957753357754,0.6094559706959707,0.2854293772893773
1.0,0.25053587301587305,0.5540903540903541,0.5548907936507936,0.5685660073260073,0.6114095726495727,0.2882376800976801
1.0,0.25288293040293036,0.5529100610500611,0.555148547008547,0.5643196336996337,0.6100393406593406,0.28684031746031746
1.0,0.25491792429792426,0.551702612942613,0.5625288400488401,0.5754036141636141,0.6179894261294262,0.2947768253968254
1.0,0.2970424664224664,0.5625423931623932,0.5413512332112331,0.5874508180708181,0.6155745543345543,0.2987382905982906
1.0,0.288509010989011,0.5643331868131868,0.5479717704517704,0.5910866910866911,0.6195495970695971,0.30067833943833944
1.0,0.2829195604395604,0.5646045421245421,0.558580927960928,0.6008004395604395,0.627377557997558,0.30777369963369966
1.0,0.27924297924297925,0.5633699633699634,0.5816307203907204,0.6198480586080586,0.644349474969475,0.32501694749694754
1.0,0.27781848595848596,0.5619183394383395,0.5922805616605616,0.6244064468864469,0.6490164102564103,0.3293176068376068
1.0,0.2770180463980464,0.5604259829059829,0.6008547008547008,0.6282322588522589,0.6531406837606838,0.33344185592185593
2.0,0.34038800976800976,0.4087912087912088,0.44685931623931624,0.3843847619047619,0.421001221001221,0.2303757973137973
2.0,0.3840320146520147,0.4110975335775336,0.47909374847374847,0.3838963614163614,0.43800026862026864,0.24144620757020757
2.0,0.4075294993894994,0.4131189743589743,0.49568578754578757,0.3862298168498169,0.4475240781440782,0.24924705738705738
2.0,0.422371452991453,0.41568307692307693,0.5282593894993896,0.40777369963369964,0.47940578754578755,0.27201194139194135
2.0,0.431515409035409,0.4180572405372406,0.5398860317460317,0.40930673992673994,0.48472390720390723,0.2769909157509158
2.0,0.43630444444444444,0.42058065934065936,0.5500339194139194,0.4132275213675214,0.4918192918192918,0.283218021978022
2.0,0.36734500610500614,0.421503199023199,0.5353683272283272,0.4109483028083028,0.4834079609279609,0.35558268620268624
2.0,0.40508749694749696,0.4219915995115995,0.5517568742368743,0.40822141636141634,0.4935694017094017,0.3654320879120879
2.0,0.4290869597069597,0.42357890109890106,0.564767326007326,0.4120472039072039,0.5050739438339438,0.37562068376068375
2.0,0.4440917216117216,0.4256274481074481,0.5744268131868131,0.41550671550671553,0.5128069352869352,0.38304166056166056
2.0,0.45215032967032964,0.4285171672771673,0.5884547496947498,0.42565460317460313,0.5265635653235653,0.39514312576312577
2.0,0.45589472527472524,0.43175960927960927,0.595495873015873,0.4293040293040293,0.5318002930402931,0.39905032967032966
2.0,0.43989960927960925,0.4181929181929182,0.5414462026862027,0.3884547496947497,0.4801519413919414,0.3640618559218559
2.0,0.46086012210012206,0.42043142857142857,0.5537104761904762,0.3938407326007326,0.4910459829059829,0.37281238095238095
2.0,0.4749423443223443,0.42323973137973137,0.5652557264957265,0.40100393162393166,0.5022385103785104,0.38122371184371184
2.0,0.48358432234432236,0.42680776556776556,0.5769366544566545,0.4090761172161172,0.5137837362637362,0.39050332112332115
2.0,0.4872880097680098,0.4301451526251526,0.5927825152625152,0.4242572161172161,0.530809938949939,0.4056030280830281
2.0,0.4885632967032967,0.43346901098901097,0.6040971428571428,0.433360463980464,0.5411613186813187,0.41438068376068377
2.0,0.32252068376068377,0.44116131868131864,0.4846425152625153,0.37363995115995113,0.4373355067155067,0.2511328205128205
2.0,0.35742776556776557,0.4429114041514041,0.509537387057387,0.3792701098901099,0.45650522588522585,0.2649165567765568
2.0,0.3815900122100122,0.44414598290598295,0.5258852258852259,0.38334012210012214,0.46716864468864466,0.2737213431013431
2.0,0.3951024175824176,0.4452584371184371,0.5573463492063492,0.40681047619047617,0.4998507692307692,0.3012617094017094
2.0,0.4038393650793651,0.44630307692307697,0.56938,0.41021570207570207,0.5075973382173382,0.3065255677655678
2.0,0.40837064713064714,0.44740197802197806,0.5745353357753358,0.4123863736263736,0.510609133089133,0.30995794871794874
2.0,0.37799484737484734,0.4469000244200244,0.5286799511599511,0.3927825152625153,0.48784424908424906,0.34912495726495724
2.0,0.3919821001221001,0.44900285714285715,0.5425586813186812,0.39937592185592186,0.49812778998779,0.35725137973137977
2.0,0.39896893772893777,0.45121421245421245,0.5543074236874237,0.4076787301587302,0.5087640781440781,0.366829474969475
2.0,0.4038393650793651,0.453466275946276,0.5679826373626373,0.41872202686202686,0.5234160927960928,0.3795957020757021
2.0,0.4070546764346764,0.4557997557997558,0.5767738461538461,0.42471848595848594,0.5302944078144078,0.3853344078144078
2.0,0.4093610012210012,0.45809252747252743,0.5912901831501831,0.43587030525030523,0.543576166056166,0.399213137973138
2.0,0.3811694505494505,0.44055081807081803,0.5001763614163615,0.4402794627594628,0.4980192673992674,0.3490435409035409
2.0,0.4094152869352869,0.4430470818070818,0.5393162393162393,0.4603174603174603,0.5323429548229548,0.377628547008547
2.0,0.42806945054945056,0.44527201465201466,0.5579839804639805,0.46593406593406594,0.5445801221001222,0.3897164590964591
2.0,0.44004884004884004,0.447510525030525,0.5677655677655677,0.46901369963369965,0.5508343589743591,0.3956722344322344
2.0,0.4476461782661783,0.44999321123321123,0.5755935531135532,0.47106227106227105,0.5562067643467644,0.401763663003663
2.0,0.4519468131868132,0.4520689133089133,0.5844390231990232,0.47509157509157507,0.5623795848595848,0.40837064713064714
2.0,0.3256817338217338,0.46339709401709406,0.5056301831501832,0.4166870085470086,0.45999186813186815,0.27416903540903537
2.0,0.3629629548229548,0.46406185592185595,0.5345136263736263,0.4267263492063492,0.48237687423687425,0.29080178266178264
2.0,0.3837064224664225,0.46419753357753357,0.553371330891331,0.43473069597069597,0.4962691575091575,0.3030660805860806
2.0,0.39663545787545784,0.46417040293040296,0.5647537728937729,0.4389906471306471,0.5054537973137972,0.3107041025641026
2.0,0.4062542368742369,0.46402117216117217,0.5684303296703297,0.43873286935286937,0.5074888156288156,0.3114502808302808
2.0,0.4126848351648352,0.4644688644688645,0.5800162881562883,0.44531272283272283,0.5178537484737485,0.3222764835164835
2.0,0.33175960927960924,0.4706959706959707,0.4850495238095238,0.43736263736263736,0.48175282051282053,0.2833808058608059
2.0,0.34972188034188034,0.47232398046398044,0.5217473992673993,0.4529371916971917,0.5107583882783883,0.30986297924297923
2.0,0.35951702075702074,0.4731243956043956,0.5422873504273504,0.4600325518925519,0.523931623931624,0.3238909157509158
2.0,0.35760412698412697,0.4686609768009768,0.47897164835164835,0.46593406593406594,0.5048161660561661,0.30031203907203907
2.0,0.36681589743589743,0.47013973137973136,0.5196174114774115,0.48239045177045176,0.5329941636141636,0.3246778021978022
2.0,0.37419616605616607,0.4705060317460317,0.5329263247863247,0.4823090598290598,0.5368199755799755,0.32933115995115997
2.0,0.3799348717948718,0.47092659340659343,0.5435354822954822,0.4835164835164835,0.5411070329670329,0.33554471306471306
2.0,0.38628407814407817,0.4714692796092796,0.5546872771672772,0.48358432234432236,0.5468321855921856,0.343372673992674
2.0,0.39160222222222224,0.471645641025641,0.5669108669108669,0.4876136263736264,0.5542938461538461,0.35422603174603173
2.0,0.30930673992673996,0.49867047619047616,0.5352326739926739,0.44934202686202684,0.5127119902319902,0.2867860561660561
2.0,0.32265636141636145,0.49932166056166055,0.5525573137973139,0.45757699633699633,0.5250441025641026,0.3014380708180708
2.0,0.33384886446886447,0.49883326007326007,0.574494652014652,0.46699225885225887,0.5392891086691086,0.319047619047619
2.0,0.3436982661782662,0.4980056898656899,0.5898792673992674,0.4736535042735043,0.5494234188034188,0.33375389499389496
2.0,0.3521096214896215,0.4970153357753358,0.6016280097680098,0.4770180463980464,0.5562474481074481,0.342789304029304
2.0,0.35951702075702074,0.4959164346764347,0.6114367032967032,0.4807081807081807,0.5621896703296704,0.35187897435897436
2.0,0.29149369963369964,0.4886311111111111,0.5071360683760684,0.4610636385836386,0.5025641025641026,0.2891195115995116
2.0,0.307353137973138,0.49001492063492064,0.5326007326007326,0.47030253968253966,0.5213946520146521,0.3084791697191697
2.0,0.31961741147741146,0.49069326007326003,0.5643467643467643,0.4827296214896215,0.5438475213675213,0.3331841025641025
2.0,0.32933115995115997,0.49062542124542124,0.5852258852258853,0.48986568986568985,0.5575905494505494,0.3505630280830281
2.0,0.3384208302808303,0.49016415140415137,0.6109211721611723,0.5011667399267399,0.5760819536019537,0.3765974847374847
2.0,0.3443766056166056,0.4899606593406593,0.6211911599511599,0.5040021733821733,0.5821869597069598,0.3852665934065934
2.0,0.3583367277167277,0.49464117216117215,0.5003663003663004,0.4785646398046398,0.5088726007326007,0.3021706715506715
2.0,0.3166056166056166,0.4941120634920635,0.52816442002442,0.49320310134310136,0.5319359706959707,0.32067562881562883
2.0,0.32717406593406595,0.493311623931624,0.5543074236874237,0.502347032967033,0.5494505494505495,0.3375389987789988
2.0,0.3390720390720391,0.49244336996336996,0.5742775824175824,0.5064441758241758,0.5602089377289378,0.3509021733821734
2.0,0.3465472771672772,0.49172432234432234,0.5819970207570208,0.5052503052503052,0.5628273015873015,0.3541446153846154
2.0,0.3523809523809524,0.4909103296703297,0.588617557997558,0.5061728449328449,0.5662596581196581,0.35916429792429794
2.0,0.2636412942612943,0.5269434188034188,0.5493420268620269,0.4923755311355312,0.5533984615384616,0.31987518925518926
2.0,0.27250034188034183,0.5273232967032967,0.5615113308913309,0.4941120634920635,0.5595441514041514,0.32844932844932845
2.0,0.2827838827838828,0.5266585347985349,0.5700176312576313,0.4931623931623932,0.5632342857142857,0.33418803418803417
2.0,0.2918464224664225,0.5253832478632479,0.5861077167277168,0.49837199023199025,0.5735992429792429,0.3510921123321123
2.0,0.2994573382173382,0.5232532844932846,0.5924162148962149,0.4960927960927961,0.5741554822954823,0.3520824908424909
2.0,0.3040157264957265,0.5213403907203907,0.6108397802197802,0.5040971428571428,0.586460463980464,0.37401980463980466
2.0,0.3081535775335775,0.5266856654456654,0.5561524786324786,0.5225749450549451,0.567345006105006,0.3325736019536019
2.0,0.30206212454212455,0.5282187057387058,0.5664631746031746,0.5222086446886447,0.5693528693528693,0.333672503052503
2.0,0.2990774603174603,0.5280558974358974,0.5743453968253968,0.521381098901099,0.5706959706959707,0.33787816849816854
2.0,0.2982770207570208,0.5266178266178266,0.5900013675213676,0.5249762637362637,0.5785917704517703,0.35244879120879125
2.0,0.29881970695970694,0.5250169474969475,0.594681855921856,0.5235246153846154,0.5796906715506714,0.3543209768009768
2.0,0.2991724297924298,0.5233618315018316,0.6009903785103785,0.5231854456654457,0.5817528205128205,0.35886583638583636
2.0,0.3083435164835165,0.5519875213675214,0.5664224664224664,0.5575498656898658,0.6007190231990231,0.3241622466422467
2.0,0.30350019536019535,0.552014652014652,0.5802604884004885,0.5593270818070818,0.6046533821733822,0.3375118681318682
2.0,0.3011124786324786,0.5508614896214896,0.6012752625152625,0.5627323321123321,0.6113417338217337,0.3572785347985348
2.0,0.30115316239316237,0.5487179487179488,0.6105141880341881,0.5609279609279609,0.611965811965812,0.36369555555555555
2.0,0.302157094017094,0.5459367765567765,0.6192104273504274,0.558974358974359,0.6131732356532357,0.3707095482295482
2.0,0.3037579731379731,0.5430742124542124,0.6328991941391942,0.5609143833943834,0.6191018803418804,0.38865826617826615
3.0,0.40039343101343106,0.4336860561660562,0.44186676434676436,0.517555286935287,0.45212317460317464,0.2643874725274725
3.0,0.43896351648351645,0.4395875702075702,0.4451092063492063,0.5792429792429793,0.4767195848595849,0.2970288888888889
3.0,0.4478361172161172,0.4444987057387057,0.44596390720390716,0.6096594871794873,0.48795279609279607,0.30438202686202687
3.0,0.4490842490842491,0.4489485714285715,0.44839235653235654,0.6260751648351648,0.4962691575091575,0.31063628815628813
3.0,0.44836522588522587,0.4531542612942613,0.45170261294261294,0.6342965567765567,0.5022791941391941,0.31466559218559215
3.0,0.4461402686202686,0.45726495726495725,0.4555962637362637,0.6410934798534799,0.5082756776556776,0.3186270573870574
3.0,0.3873422954822955,0.4316103540903541,0.4404287179487179,0.5184235409035408,0.4212182905982906,0.2639668864468865
3.0,0.43068783882783884,0.4327499633699634,0.4455162148962149,0.5224528449328449,0.4350020268620269,0.2703296703296703
3.0,0.4577804884004884,0.43535477411477413,0.44905711843711843,0.5347714041514041,0.44806673992673995,0.27936507936507937
3.0,0.4738977045177045,0.438868547008547,0.4527065445665446,0.5547551159951161,0.4603174603174603,0.2891195115995116
3.0,0.48346222222222224,0.44319631257631253,0.4565594871794872,0.5812779731379731,0.4731515506715506,0.3002849084249084
3.0,0.48639262515262516,0.4481617094017094,0.46056166056166054,0.5948582173382173,0.4841812454212454,0.3072174847374847
3.0,0.4480396092796093,0.4270519658119658,0.45870302808302804,0.5113553113553113,0.4222086446886447,0.2624474236874237
3.0,0.47986705738705737,0.4304300610500611,0.45931352869352865,0.5438339438339438,0.4365079365079365,0.27704517704517706
3.0,0.495970695970696,0.4339845421245421,0.4611992918192918,0.5474426862026862,0.44407814407814405,0.2787003174603175
3.0,0.5076787301587301,0.4396825396825397,0.46578483516483515,0.5868403174603175,0.4602360683760684,0.2976258363858364
3.0,0.5106227106227106,0.44422737484737485,0.4689729914529915,0.5994030769230769,0.4674535286935287,0.3009225396825397
3.0,0.5129426129426129,0.4497083272283272,0.474386105006105,0.6091710866910868,0.476841684981685,0.3036087423687424
3.0,0.3671550671550671,0.44284356532356534,0.4275946275946276,0.5541174847374848,0.40165514041514044,0.25335775335775335
3.0,0.4163207081807082,0.44565186813186813,0.4342016117216117,0.5411884493284493,0.4134174358974359,0.25160764346764347
3.0,0.4441731135531135,0.4476461782661783,0.44048297924297924,0.5474698168498169,0.42417582417582417,0.2614977533577534
3.0,0.4708044932844933,0.45056302808302806,0.44900285714285715,0.5688237606837606,0.43812236874236876,0.2830552136752137
3.0,0.4831230525030525,0.45383257631257634,0.4553656166056166,0.6185049572649572,0.45661374847374847,0.3045855433455434
3.0,0.49100529914529917,0.4573327960927961,0.4606430525030525,0.6394654700854701,0.46566273504273503,0.30687831501831503
3.0,0.37214759462759467,0.4432777045177045,0.43251934065934067,0.4917785836385836,0.3886039804639805,0.23078279853479855
3.0,0.4110025885225885,0.4453941147741148,0.44000813186813187,0.49468185592185593,0.40156017094017094,0.23881427106227107
3.0,0.43675213675213675,0.44679147741147746,0.44516346764346765,0.4970831746031746,0.41026998778998774,0.24365757753357753
3.0,0.45352056166056165,0.4492334798534799,0.4495726495726496,0.5091982173382174,0.41980735042735046,0.2524759218559218
3.0,0.46516075702075704,0.45151267399267403,0.45334417582417585,0.5265093040293041,0.4297924297924298,0.2617555311355311
3.0,0.47343643467643465,0.4534798534798535,0.45573191697191695,0.602265641025641,0.44698141636141636,0.29447836385836385
3.0,0.37842898656898655,0.4493691575091575,0.46345135531135534,0.5138787057387056,0.43218017094017097,0.25828246642246644
3.0,0.4199158974358974,0.44966761904761904,0.4701939926739927,0.5274725274725275,0.44426808302808307,0.2681861294261294
3.0,0.44577396825396826,0.45133631257631257,0.47414190476190476,0.5442545054945055,0.45540632478632476,0.27765567765567767
3.0,0.4642925030525031,0.45379189255189256,0.4770180463980464,0.56065663003663,0.465852673992674,0.286663956043956
3.0,0.4731515506715506,0.45665445665445664,0.48021978021978023,0.5803825885225886,0.47563423687423684,0.29647267399267396
3.0,0.4804639804639805,0.45885225885225883,0.48271604395604395,0.6045448351648351,0.48468322344322345,0.30622710622710625
3.0,0.3830959218559219,0.48116945054945054,0.4899606593406593,0.500312039072039,0.4485822710622711,0.27338217338217335
3.0,0.39034051282051285,0.48207841269841273,0.4898792673992674,0.5077330158730159,0.45341201465201464,0.2722561416361416
3.0,0.39431555555555553,0.4833536752136752,0.4886718192918193,0.5521503296703297,0.4638312332112332,0.2942341636141636
3.0,0.3969339194139194,0.48475106227106224,0.4852258852258852,0.5973545054945055,0.4729616117216117,0.3072174847374847
3.0,0.3989010989010989,0.4863383638583638,0.4807217582417582,0.604802612942613,0.47659748473748476,0.3020214407814408
3.0,0.3998778998778999,0.4877085958485958,0.48034188034188036,0.6206349206349207,0.4823497435897436,0.3087369474969475
3.0,0.3222629304029304,0.4764889377289377,0.47925655677655676,0.5188169963369964,0.44570615384615386,0.2631800244200244
3.0,0.3515805128205128,0.47795413919413915,0.4829466910866911,0.5338081562881563,0.4572378266178266,0.26946139194139196
3.0,0.3697598778998779,0.478998778998779,0.4837064224664225,0.5388142612942612,0.46478090354090357,0.2729887423687424
3.0,0.3817256898656899,0.4797992185592186,0.48408627594627596,0.550535873015873,0.4719033943833944,0.27955501831501833
3.0,0.3904761904761905,0.48083028083028084,0.4848188766788767,0.5631393406593407,0.47685523809523805,0.28689457875457874
3.0,0.3966625885225885,0.4818070818070818,0.48597206349206346,0.5790394871794873,0.48268891330891334,0.294207032967033
3.0,0.3711979487179487,0.47776420024420024,0.47665174603174604,0.5345814652014652,0.4472527472527473,0.278523956043956
3.0,0.3827160439560439,0.4802876190476191,0.47636683760683757,0.5424230036630037,0.4531678144078144,0.2771672771672772
3.0,0.38985211233211237,0.48203770451770456,0.47680097680097683,0.5504002197802198,0.4591371672771673,0.2792158485958486
3.0,0.39550942612942613,0.4835164835164835,0.4787274481074481,0.561050061050061,0.46483516483516485,0.28408627594627595
3.0,0.4007054700854701,0.48468322344322345,0.4804368498168498,0.5762854456654456,0.4702482783882784,0.28997421245421245
3.0,0.40400217338217337,0.48594490842490845,0.4812508424908425,0.5896621978021979,0.4754036141636142,0.29613350427350427
3.0,0.34942341880341876,0.49962012210012213,0.5133224908424909,0.4847781929181929,0.5179758485958487,0.286161978021978
3.0,0.38462896214896214,0.49865689865689866,0.5135802442002442,0.5140550915750917,0.5273368498168498,0.29816849816849816
3.0,0.4016008791208791,0.4984262759462759,0.5129968742368742,0.5268620268620269,0.5326414407814408,0.3044905738705739
3.0,0.41279338217338213,0.4983448595848596,0.5116130891330891,0.5707095482295482,0.5393162393162393,0.3232126007326007
3.0,0.4197259584859585,0.4985890598290598,0.5094966788766788,0.5860941636141637,0.5425315506715507,0.323850231990232
3.0,0.42665853479853477,0.499023199023199,0.5079636385836386,0.60128884004884,0.5464658852258852,0.3266042490842491
3.0,0.34401030525030524,0.501180293040293,0.4922669841269841,0.4343237118437118,0.496757557997558,0.26837606837606837
3.0,0.3835571916971917,0.5009632234432234,0.4997965079365079,0.5212318437118437,0.5178130402930402,0.31063628815628813
3.0,0.4083570695970696,0.5012617094017094,0.5001492307692308,0.5266449572649573,0.5249084249084249,0.30147877899877895
3.0,0.4232126007326007,0.5013295238095238,0.502157094017094,0.5309320390720391,0.5300908913308914,0.3048840048840049
3.0,0.43455433455433456,0.5015601709401709,0.5048161660561661,0.5377425152625153,0.5351377045177045,0.3076380463980464
3.0,0.44116131868131864,0.5021028327228327,0.5069868376068376,0.5500203418803419,0.5393976312576312,0.31344459096459093
3.0,0.30876407814407814,0.4887939194139194,0.4838827838827839,0.547388424908425,0.46218967032967034,0.27382986568986567
3.0,0.31029711843711844,0.494207032967033,0.4784289865689866,0.5490706715506715,0.4725681807081807,0.27043819291819293
3.0,0.30963233211233215,0.4970288888888889,0.4762854456654457,0.5516347741147741,0.4793108180708181,0.2729751648351648
3.0,0.3072852991452992,0.49903677655677653,0.4748745054945055,0.5589200976800976,0.48475106227106224,0.2758784371184371
3.0,0.30432776556776553,0.5006918925518925,0.47435897435897434,0.5673042979242979,0.48964862026862027,0.2793786568986569
3.0,0.3016958241758242,0.502157094017094,0.4742232967032967,0.5814000732600733,0.4948310866910867,0.2840591452991453
3.0,0.2880613186813187,0.5358567277167277,0.5339438339438339,0.660154652014652,0.5778049084249084,0.3520010744810745
3.0,0.30301179487179486,0.5353411965811966,0.5294668376068377,0.6521503296703297,0.5771536996336996,0.3429521123321123
3.0,0.3137566056166056,0.5345950427350428,0.5294125518925519,0.6511463736263736,0.5782526007326007,0.3434405128205128
3.0,0.3257359951159951,0.5336046642246642,0.5301315995115995,0.6505494505494506,0.5800298412698414,0.34444444444444444
3.0,0.3322615628815629,0.5327499633699634,0.5313661538461538,0.6532220757020757,0.5819427594627595,0.3470221245421245
3.0,0.3369556288156288,0.53178673992674,0.5314882539682539,0.6555691330891331,0.5825803907203908,0.34831094017094016
3.0,0.3167548473748474,0.525695286935287,0.5169312087912087,0.5929453235653236,0.5434947741147741,0.3247727472527473
3.0,0.331990231990232,0.5253425641025641,0.513458144078144,0.6094424175824177,0.5487043711843711,0.3304029304029304
3.0,0.34329128205128207,0.5246235164835165,0.5135259829059828,0.6158865934065935,0.5514991208791209,0.33388957264957264
3.0,0.35278796092796094,0.5240401465201465,0.5149233455433455,0.6295482295482295,0.5561931868131869,0.3410527716727717
3.0,0.3603717216117216,0.5232939926739927,0.5156830769230769,0.6312712087912088,0.5583774358974359,0.34070004884004884
3.0,0.3660832967032967,0.5226970451770452,0.5174467399267398,0.634337264957265,0.5607108913308914,0.34158188034188036
4.0,0.3341201953601953,0.4287342368742369,0.46700583638583637,0.40132952380952386,0.4194410500610501,0.2606973382173382
4.0,0.37000407814407815,0.42918192918192916,0.4985619291819292,0.4180436874236874,0.43942476190476193,0.28974358974358977
4.0,0.3880884493284493,0.4312440537240537,0.5215031990231991,0.43569394383394383,0.4542124542124542,0.31349885225885227
4.0,0.3936915018315018,0.43437797313797316,0.5403337484737485,0.4538054456654457,0.4680640293040293,0.3335096947496947
4.0,0.39316239316239315,0.4379460073260073,0.5548093772893773,0.4699091086691087,0.4784425396825397,0.3498032722832723
4.0,0.39023199023199023,0.4416632722832723,0.5664495970695971,0.48111518925518926,0.488034188034188,0.36103648351648354
4.0,0.38167140415140416,0.4258580952380952,0.4865147252747253,0.37062813186813187,0.4222764835164835,0.2712657631257631
4.0,0.4126441514041514,0.4272825885225885,0.5158458852258853,0.3912494993894994,0.44422737484737485,0.3020078632478632
4.0,0.43196310134310134,0.42986026862026866,0.5387057387057387,0.4095509401709402,0.4612264224664224,0.32591235653235656
4.0,0.4410120634920635,0.4331027106227106,0.5553656166056167,0.42389091575091575,0.47414190476190476,0.3435897435897436
4.0,0.44231448107448107,0.4371048595848596,0.5707638095238095,0.4396825396825397,0.4865282783882784,0.36115858363858366
4.0,0.43908561660561657,0.4413648107448107,0.582322612942613,0.45166192918192916,0.4961063736263736,0.37205264957264955
4.0,0.49282322344322343,0.4123863736263736,0.5248677167277167,0.42374168498168496,0.4639397557997558,0.32437931623931626
4.0,0.5230905006105007,0.41577804639804644,0.5459774847374848,0.43658932844932846,0.4754036141636142,0.3415547496947497
4.0,0.541527619047619,0.4195902808302808,0.5561796336996337,0.4373219291819292,0.4810337728937729,0.34740197802197803
4.0,0.5531542612942614,0.4240130158730159,0.5665716971916972,0.4413105494505494,0.48814271062271064,0.35373763125763125
4.0,0.5579568498168498,0.4283136507936508,0.5790394871794873,0.4526794139194139,0.4956586568986569,0.36726358974358975
4.0,0.5604802686202687,0.43211233211233213,0.5873965567765568,0.45889296703296706,0.5010581929181929,0.37468456654456656
4.0,0.3162393162393162,0.4480396092796093,0.4791615873015873,0.4607651526251526,0.4510785592185592,0.2821462515262515
4.0,0.3450278144078144,0.4497218803418804,0.5196852503052504,0.48281101343101346,0.4694342612942613,0.314543492063492
4.0,0.3598154822954823,0.45159409035409037,0.5439831746031746,0.49852122100122104,0.4818613431013431,0.33618234432234434
4.0,0.3664088888888889,0.4542260317460317,0.5601682295482295,0.5099986324786324,0.49130376068376064,0.35153982905982906
4.0,0.3711707936507937,0.45693936507936506,0.5743996825396825,0.5194681807081808,0.5001763614163615,0.36495726495726494
4.0,0.37254105006105004,0.45991045177045176,0.5855921855921856,0.527757435897436,0.5076244688644689,0.37657035409035405
4.0,0.35449736263736265,0.44928774114774117,0.5322344322344322,0.4490978266178266,0.4620675702075702,0.3290191208791209
4.0,0.3725817338217338,0.4510921123321123,0.557997557997558,0.46718219780219783,0.48039614163614164,0.3586216361416361
4.0,0.3796228571428571,0.4533170451770452,0.5808438583638584,0.48545650793650796,0.49568578754578757,0.38430334554334555
4.0,0.35025098901098906,0.4515805128205128,0.5538054456654457,0.5425722344322343,0.4859856166056166,0.3570614652014652
4.0,0.37502373626373625,0.45242166056166055,0.5890788278388278,0.5582146275946276,0.5045855433455433,0.39519738705738705
4.0,0.39195496947496944,0.45396825396825397,0.6108669108669109,0.5654863736263737,0.5167141391941391,0.41638854700854705
4.0,0.40047482295482295,0.45601682539682536,0.6274725274725275,0.5726902808302808,0.5268213186813187,0.4334283028083028
4.0,0.4025098412698413,0.4588658363858364,0.6399538705738705,0.5802333577533578,0.5352190964590965,0.44695428571428575
4.0,0.3476326251526251,0.4650929426129426,0.5059421978021977,0.42741826617826617,0.4844932844932845,0.2923212698412698
4.0,0.3856057631257631,0.4658933577533578,0.5642110866910867,0.471645641025641,0.5084520390720391,0.3555284249084249
4.0,0.4056573137973138,0.46703296703296704,0.5797585103785104,0.47741147741147744,0.5167412942612943,0.36636820512820517
4.0,0.4196174114774115,0.46814544566544564,0.591358021978022,0.48390991452991455,0.5234839316239317,0.37612263736263735
4.0,0.43178673992673994,0.46997694749694746,0.6008954090354091,0.4893230280830281,0.5307692307692308,0.3830009523809524
4.0,0.4394654700854701,0.47187626373626373,0.6089811477411478,0.49572649572649574,0.5371184371184371,0.3909103296703297
4.0,0.37422329670329674,0.464875873015873,0.5389363614163614,0.41131460317460317,0.49186,0.31931894993894994
4.0,0.3878442490842491,0.46856600732600734,0.5614706227106228,0.42574954822954825,0.5083435164835165,0.33854293040293043
4.0,0.39530593406593406,0.47127934065934063,0.578415409035409,0.44097137973137973,0.5203093284493285,0.3586080586080586
4.0,0.4010310622710623,0.47338217338217337,0.5911002686202687,0.4520553601953602,0.5292090598290599,0.3724596336996337
4.0,0.40526388278388276,0.4754036141636142,0.6000949694749694,0.4594898901098901,0.5365486446886447,0.3808167032967033
4.0,0.4074073992673993,0.4772893772893773,0.6065255677655678,0.4656898656898657,0.5426265201465201,0.38727445665445664
4.0,0.3990774603174603,0.4603852991452992,0.53759326007326,0.4446479365079365,0.5005291086691087,0.31370234432234434
4.0,0.42435218559218557,0.46297653235653236,0.5710351404151404,0.46715506715506716,0.5179758485958487,0.3542395848595849
4.0,0.4393298168498168,0.4653778266178266,0.5886446886446887,0.4772893772893773,0.5283679365079366,0.37094017094017095
4.0,0.44630307692307697,0.4676027594627595,0.5989010989010989,0.48363858363858364,0.5350834432234433,0.38019264957264953
4.0,0.4509293284493284,0.4695428083028083,0.6091168009768009,0.4913987301587302,0.5421788034188034,0.39085606837606834
4.0,0.4540903540903541,0.47149641025641026,0.6172161172161172,0.49777506715506714,0.5474969474969476,0.40032559218559216
4.0,0.2820784126984127,0.5071903296703296,0.5422466422466422,0.5196852503052504,0.5327364102564103,0.3217609523809524
4.0,0.30227919413919413,0.50755663003663,0.569298608058608,0.5287884981684982,0.5411477411477411,0.3442002442002442
4.0,0.3156559462759463,0.5072988766788766,0.5816578510378511,0.5311355311355311,0.5459232234432235,0.35395467643467643
4.0,0.32878849816849814,0.5066341147741148,0.6026997802197802,0.5451092063492063,0.5530050305250306,0.37905304029304027
4.0,0.337498315018315,0.5061185836385836,0.6254510866910867,0.5623931623931624,0.5606294993894994,0.4073802686202686
4.0,0.34334554334554335,0.505982905982906,0.637783199023199,0.5715778021978022,0.5664088888888889,0.4216252991452991
4.0,0.3459639072039072,0.4939492551892552,0.556708717948718,0.4555962637362637,0.5339980952380953,0.318844126984127
4.0,0.35153982905982906,0.49755799755799757,0.5850359462759464,0.4771130158730159,0.5479310866910867,0.35687152625152624
4.0,0.3542938461538462,0.5000542612942612,0.6038800732600732,0.49210420024420026,0.558390989010989,0.3804368498168498
4.0,0.4186406105006105,0.49115452991452996,0.5857142857142857,0.5055758974358974,0.5504951892551893,0.3550671550671551
4.0,0.4183150183150183,0.49540090354090355,0.609822271062271,0.5201600976800977,0.5607108913308914,0.3830823443223443
4.0,0.4161986080586081,0.4983991208791209,0.6269977045177045,0.5323294017094017,0.5695428083028082,0.40230632478632483
4.0,0.41474698412698413,0.5002849084249085,0.6406050793650794,0.5425179731379731,0.5764346764346764,0.42032288156288156
4.0,0.41325465201465206,0.5019671794871795,0.6505630280830281,0.5499525274725275,0.5811423199023199,0.431596800976801
4.0,0.41164021978021975,0.5031881807081807,0.6578618803418803,0.5560575335775336,0.5860670085470085,0.4413648107448107
4.0,0.22821869597069597,0.5388549694749695,0.5456790231990233,0.4959435653235653,0.570858778998779,0.29708317460317457
4.0,0.2497625885225885,0.5388956776556776,0.5745624664224663,0.5061185836385836,0.5818342124542125,0.332777094017094
4.0,0.2639940415140415,0.5383936996336997,0.5953601953601954,0.5165649084249083,0.5892416117216117,0.3592456898656899
4.0,0.2745624664224664,0.5376475457875458,0.6088047863247864,0.5231990231990232,0.593230231990232,0.37479311355311357
4.0,0.28110161172161174,0.5368606593406593,0.6195902808302809,0.5296567521367521,0.5975308669108669,0.3876271794871795
4.0,0.28485958485958485,0.5363858363858364,0.6271604884004884,0.5353547741147741,0.6008411233211233,0.39640483516483516
4.0,0.2723646642246642,0.5305928693528693,0.5773978998778998,0.5097544322344322,0.582634652014652,0.33790529914529915
4.0,0.28016551892551894,0.5326549938949939,0.603825811965812,0.5249491330891332,0.5905711599511599,0.3730430036630037
4.0,0.2871252258852259,0.5334147252747252,0.6243521855921856,0.53876,0.5973680586080586,0.3987247374847375
4.0,0.2924569230769231,0.5334283028083028,0.6368606593406593,0.546425177045177,0.6009360927960927,0.41476053724053724
4.0,0.2962556043956044,0.532777094017094,0.6464251770451771,0.554280293040293,0.6034188034188034,0.4275674969474969
4.0,0.29896893772893773,0.5319766544566544,0.6542260317460318,0.5604666910866911,0.6057251282051281,0.43783746031746035
4.0,0.29506173382173384,0.5215981440781441,0.5676841758241759,0.5134310134310134,0.5682268376068376,0.3305250305250305
4.0,0.2996744078144078,0.5244742857142858,0.5925790231990232,0.5275539194139194,0.5766652991452991,0.36065663003663
4.0,0.30533169719169717,0.5254782173382173,0.6131596825396826,0.5406186324786324,0.5823633211233211,0.3865554090354091
4.0,0.309116800976801,0.5257359951159951,0.6303079609279609,0.5532085225885226,0.5879934798534798,0.40822141636141634
4.0,0.3109347496947497,0.5254375335775336,0.6407407326007325,0.5616198534798534,0.5907068131868132,0.4204042979242979
4.0,0.3116537728937729,0.5249220024420025,0.6495997802197803,0.5705196092796092,0.594329133089133,0.43344185592185597
4.0,0.25524351648351645,0.5681725763125763,0.5851444932844934,0.5621082539682539,0.6297517216117215,0.33251934065934063
4.0,0.2624338705738706,0.5685660073260073,0.5915072527472528,0.5625152625152625,0.632777094017094,0.334255873015873
4.0,0.2667751892551893,0.5674535286935287,0.6055758974358973,0.5673992673992674,0.6340930647130647,0.3533577533577534
4.0,0.2698276923076923,0.5660832967032967,0.6154660073260073,0.5715642490842491,0.635042735042735,0.36678876678876676
4.0,0.27182200244200244,0.5645638339438339,0.6214353601953602,0.5742232967032966,0.6354497435897436,0.3750915750915751
4.0,0.27140144078144074,0.5632749938949939,0.6328720634920635,0.5805996581196582,0.6364400976800977,0.3921720146520147
4.0,0.2972459584859585,0.5590286202686203,0.578021978021978,0.576719584859585,0.6247591941391941,0.3244878632478633
4.0,0.2866368253968254,0.5618505006105006,0.6007733089133089,0.5874101098901099,0.6275267887667888,0.35328991452991454
4.0,0.28032830280830284,0.5630715018315018,0.6110025885225886,0.5915750915750916,0.6284493284493284,0.3650929426129426
4.0,0.2760276678876679,0.5635599023199023,0.623158315018315,0.597842905982906,0.6294803907203907,0.38073531135531136
4.0,0.2738977045177045,0.5631393406593407,0.6289377289377289,0.6008547008547008,0.6306607081807082,0.38739655677655677
4.0,0.272039072039072,0.5626237851037851,0.6322751404151404,0.6013431013431013,0.6310405616605617,0.39008275946275944
5.0,0.3466829548229548,0.4112467887667887,0.4122507203907204,0.4284357509157509,0.3269705494505495,0.27362637362637365
5.0,0.38500881562881567,0.41272554334554334,0.42140822954822954,0.4151268376068376,0.29787003663003664,0.28342151404151406
5.0,0.4101343101343101,0.4145977533577534,0.4202821978021978,0.3797585103785104,0.2221272551892552,0.28743726495726496
5.0,0.4264957264957265,0.41689052503052504,0.4123863736263736,0.3373355067155067,0.1591235921855922,0.28705738705738704
5.0,0.4383936996336996,0.4194003418803419,0.40606429792429793,0.31305113553113556,0.1349749010989011,0.28807489621489624
5.0,0.4474291086691087,0.4223171916971917,0.40227919413919416,0.2984669597069597,0.12379595604395605,0.29050332112332117
5.0,0.32785240537240534,0.41549313797313797,0.3981956288156288,0.23188169963369964,0.11648351648351649,0.2743047130647131
5.0,0.37434539682539686,0.41543887667887663,0.4016008791208791,0.22252068864468863,0.09963369963369964,0.28370642246642247
5.0,0.4080178998778999,0.4162121855921856,0.4012481318681319,0.21496404884004885,0.08735585347985347,0.28990639804639806
5.0,0.4282051282051282,0.4180436874236874,0.3985890598290598,0.21028354334554336,0.07922941147741147,0.29367792429792433
5.0,0.4405372405372405,0.4204042979242979,0.3932437851037851,0.20447700366300367,0.07163207081807081,0.2948853724053724
5.0,0.4476597557997558,0.423850231990232,0.3939085714285714,0.20995794383394384,0.07392484004884005,0.3010581929181929
5.0,0.38405914529914525,0.4103106715506715,0.3840455921855922,0.29689323565323567,0.18313661538461537,0.281155873015873
5.0,0.4240944322344322,0.41229140415140414,0.37684168498168497,0.24844661782661784,0.1026319365079365,0.28347577533577534
5.0,0.4487450793650794,0.4150590231990232,0.3737891819291819,0.23516483516483516,0.08625695238095238,0.28723374847374844
5.0,0.46623252747252747,0.4188034188034188,0.3752543833943834,0.2335639658119658,0.08062678144078145,0.2925247619047619
5.0,0.47304300366300367,0.4217745299145299,0.3702618315018315,0.22391805616605617,0.071944105006105,0.29215846153846153
5.0,0.4783340170940171,0.4250169474969475,0.3504816117216117,0.20324243711843712,0.058214625152625155,0.28300095238095235
5.0,0.33637225885225885,0.44186676434676436,0.44048297924297924,0.44761904761904764,0.36841677655677657,0.3014923321123321
5.0,0.37292090354090357,0.44373897435897436,0.4466286691086691,0.4227513308913309,0.30465338217338217,0.3106498412698413
5.0,0.39550942612942613,0.44570615384615386,0.44221951159951156,0.3860941636141636,0.21705331623931626,0.31355311355311355
5.0,0.4101343101343101,0.44741555555555557,0.4376204151404151,0.36275946275946275,0.179256547008547,0.3156695238095238
5.0,0.41739247863247864,0.44927418803418806,0.43425587301587304,0.34945054945054943,0.16376339682539684,0.3175417094017094
5.0,0.4208655433455434,0.45117352869352867,0.4274453968253968,0.3298602686202686,0.14365757753357752,0.3167548473748474
5.0,0.3618776312576312,0.44231448107448107,0.4463573382173382,0.32439289377289376,0.20050196825396827,0.3115452503052503
5.0,0.4026726251526252,0.44433592185592186,0.4551756776556777,0.3229005616605617,0.18708452014652016,0.32361958485958486
5.0,0.4281779975579975,0.4468321855921856,0.44852800976800977,0.28799347985347984,0.12489485714285714,0.32705196581196583
5.0,0.44680505494505496,0.45114637362637366,0.44966761904761904,0.28982498168498166,0.12250712332112332,0.3359788278388278
5.0,0.4522181440781441,0.4540360927960928,0.434649304029304,0.2570750183150183,0.0885361562881563,0.33173245421245423
5.0,0.4540496459096459,0.45661374847374847,0.43208520146520146,0.25501289377289377,0.08566001953601954,0.3337674725274725
5.0,0.40572512820512824,0.44468864468864466,0.44455296703296704,0.3844254456654457,0.2027811697191697,0.3215981440781441
5.0,0.43364537240537243,0.4472256166056166,0.443481221001221,0.35825533577533575,0.15714285714285714,0.32763533577533577
5.0,0.4512956288156288,0.4498711111111111,0.44795821733821733,0.3581332356532356,0.1576448253968254,0.33535477411477416
5.0,0.46271875457875455,0.4526251526251526,0.4329263247863248,0.31272554334554337,0.10796364102564103,0.332777094017094
5.0,0.46779269841269844,0.4553249328449328,0.4288156288156288,0.3009496703296703,0.09860263247863248,0.33440510378510374
5.0,0.47123863247863246,0.45851308913308914,0.4236467155067155,0.2896893284493285,0.09072039072039072,0.33614163614163617
5.0,0.3041649816849817,0.4668430280830281,0.4239723321123321,0.3970831746031746,0.2991860073260073,0.3291819291819292
5.0,0.3222493528693529,0.4700854700854701,0.4256681562881563,0.3783340170940171,0.24604532356532358,0.3354768742368743
5.0,0.3331027106227106,0.47228327228327227,0.41585943833943834,0.33398454212454215,0.16514719902319902,0.33452720390720386
5.0,0.3399810012210012,0.47387057387057385,0.4157373382173382,0.3300230525030525,0.1595305934065934,0.3377018070818071
5.0,0.34536698412698413,0.47511870573870574,0.4102971184371184,0.308831916971917,0.13591100366300365,0.3367385592185592
5.0,0.3488400488400488,0.4763804151404152,0.4047347741147741,0.29276896214896214,0.12116402197802198,0.3354497435897436
5.0,0.31870844932844933,0.47226969474969477,0.4758920146520147,0.45851308913308914,0.3127119902319902,0.343766105006105
5.0,0.35160764346764345,0.4737756043956044,0.46868810744810746,0.39207706959706956,0.16876950183150186,0.3495997802197802
5.0,0.3696242002442003,0.47522725274725275,0.4697598778998779,0.3825939438339438,0.15965269352869352,0.3561117948717949
5.0,0.3826075213675214,0.4769637851037851,0.4779948473748474,0.39985076923076923,0.1951973943833944,0.3638854945054945
5.0,0.39085606837606834,0.4789309401709402,0.47326007326007324,0.37076380952380955,0.1497218827838828,0.36555418803418804
5.0,0.3955501343101343,0.48062678876678877,0.4639940415140415,0.3404151404151404,0.11671414896214896,0.3644417338217338
5.0,0.38296024420024416,0.47463030525030525,0.4599511599511599,0.41081264957264957,0.3459639072039072,0.35168905982905985
5.0,0.3984126984126984,0.47746573870573866,0.4559354334554334,0.3770723076923077,0.2295075286935287,0.3553520634920635
5.0,0.4090218315018315,0.47978564102564103,0.44529914529914527,0.329249768009768,0.140930673992674,0.35514854700854703
5.0,0.41522180708180706,0.48112874236874237,0.4505765811965812,0.3402794627594628,0.15604395604395604,0.3604938217338217
5.0,0.4205128205128205,0.48320444444444444,0.4538190231990232,0.34063221001221,0.1560032551892552,0.36479445665445664
5.0,0.42372813186813185,0.4847781929181929,0.44326415140415143,0.3033374114774115,0.11077194383394383,0.3613078388278388
5.0,0.2576855189255189,0.49896893772893774,0.44573328449328453,0.40717677655677653,0.34289785103785103,0.3318274236874237
5.0,0.27458959706959707,0.4999864224664225,0.4413919413919414,0.3718220024420025,0.24183964102564104,0.33459504273504276
5.0,0.2861755555555555,0.5002577777777778,0.4360059584859585,0.35204178266178265,0.20170940170940171,0.33658932844932843
5.0,0.2942205860805861,0.5000542612942612,0.42029575091575094,0.3059150671550671,0.13801383882783883,0.3310541391941392
5.0,0.30236061050061047,0.49948446886446884,0.4185185103785104,0.31059557997557996,0.14635734554334556,0.33603311355311355
5.0,0.30701396825396826,0.49898249084249086,0.40123457875457874,0.2689458608058608,0.10613213919413919,0.3258988034188034
5.0,0.2956586568986569,0.4995115995115995,0.47680097680097683,0.4190747496947497,0.23266856654456655,0.34192105006105006
5.0,0.3061592673992674,0.501573724053724,0.47060100122100124,0.3991995604395604,0.19426129426129427,0.34570615384615383
5.0,0.314624884004884,0.5026183638583639,0.4385293772893773,0.31307829059829057,0.1020621343101343,0.3356396581196581
5.0,0.32200515262515267,0.5033645421245421,0.4296024908424908,0.3046262271062271,0.09778863003663003,0.33789174603174604
5.0,0.3259394871794872,0.5037037118437119,0.41427213675213675,0.2806946031746032,0.08400488400488401,0.3329399023199023
5.0,0.3274453968253968,0.5040700122100122,0.39719169719169717,0.2624474236874237,0.0748880757020757,0.3267670573870574
5.0,0.3592185592185592,0.49774793650793653,0.4445801221001221,0.3313254700854701,0.12891059584859585,0.33694207570207574
5.0,0.36152488400488403,0.5004341391941391,0.4384072771672772,0.32706551892551894,0.12249355555555555,0.34010310134310134
5.0,0.36604258852258853,0.5020621245421245,0.4218152136752137,0.29837199023199024,0.09819563125763126,0.335816043956044
5.0,0.3698005616605617,0.5030796336996337,0.41545245421245425,0.29099172161172165,0.09289105982905983,0.3362366056166056
5.0,0.3718220024420025,0.5036765811965812,0.40558947496947495,0.2788495482295482,0.08519875213675214,0.3331976556776557
5.0,0.3730565811965812,0.5038936263736263,0.4033374114774115,0.2793379487179487,0.08582281807081807,0.3351105738705739
5.0,0.3733821733821734,0.5044498656898657,0.3949667643467643,0.2722425641025641,0.08150861538461539,0.33285851037851033
5.0,0.24878578754578753,0.5261836874236875,0.410487032967033,0.39508886446886443,0.178998778998779,0.34383394383394383
5.0,0.27009904761904757,0.5241486935286935,0.4091303785103785,0.3748745054945055,0.15696649084249084,0.34742910866910864
5.0,0.2835707448107448,0.5220594139194139,0.4110704029304029,0.3642517948717949,0.14909781684981685,0.3501560195360195
5.0,0.29541445665445665,0.5202007814407815,0.4120336507936508,0.3558133333333333,0.14268077655677655,0.35196039072039076
5.0,0.30582009768009766,0.5184778266178267,0.4073260073260073,0.3343508424908425,0.12528829304029304,0.34955907203907205
5.0,0.3142721367521368,0.5169583394383394,0.40729887667887665,0.3288156288156288,0.12323972405372406,0.35145841269841266
5.0,0.2790123565323565,0.5310270085470086,0.4797585103785104,0.39211775335775334,0.2397096727716728,0.3487043711843712
5.0,0.28745081807081807,0.5326007326007326,0.4672500366300366,0.3576719658119658,0.16938000244200246,0.34829738705738705
5.0,0.3001356776556776,0.5329399023199023,0.4603717216117216,0.33913987789987793,0.14677791452991454,0.35128205128205126
5.0,0.3068240293040293,0.532587155067155,0.45883868131868133,0.33390312576312575,0.14113417338217338,0.35418532356532356
5.0,0.31101614163614166,0.5318410012210012,0.4470356776556777,0.3059421978021978,0.11488264713064712,0.3504273504273504
5.0,0.31447565323565324,0.5309049084249085,0.4351784126984127,0.28640617826617826,0.10047483272283272,0.347903956043956
5.0,0.30590151404151406,0.5376882295482295,0.4703839316239316,0.4191832967032967,0.2208655531135531,0.35160764346764345
5.0,0.3012481318681319,0.5387871306471306,0.4275539194139194,0.3255460561660562,0.11176231257631258,0.3322615628815629
5.0,0.29804639804639804,0.5392212698412698,0.42250713064713064,0.325505347985348,0.11229141147741148,0.3345679120879121
5.0,0.29647267399267396,0.5390991697191697,0.41641567765567766,0.312861221001221,0.10435490354090354,0.3323294017094017
5.0,0.295889304029304,0.5386243467643468,0.4111653724053724,0.3045855433455434,0.09915886691086691,0.33078280830280826
5.0,0.2948853724053724,0.5383258608058608,0.4086148473748474,0.3006240781440781,0.09721883028083028,0.3309049084249084
5.0,0.2246099584859585,0.5579297191697192,0.45147199023199025,0.41545245421245425,0.1967304297924298,0.3600461294261294
5.0,0.23825803907203907,0.5574141880341881,0.42113689865689863,0.348880757020757,0.127893094017094,0.34928774114774114
5.0,0.24604532356532358,0.5559761172161173,0.41562881562881565,0.3457875457875458,0.12726902808302806,0.35350698412698417
5.0,0.24604532356532358,0.5559761172161173,0.41562881562881565,0.3457875457875458,0.12726902808302806,0.35350698412698417
5.0,0.24604532356532358,0.5559761172161173,0.41562881562881565,0.3457875457875458,0.12726902808302806,0.35350698412698417
5.0,0.24604532356532358,0.5559761172161173,0.41562881562881565,0.3457875457875458,0.12726902808302806,0.35350698412698417
5.0,0.24604532356532358,0.5559761172161173,0.41562881562881565,0.3457875457875458,0.12726902808302806,0.35350698412698417
5.0,0.24604532356532358,0.5559761172161173,0.41562881562881565,0.3457875457875458,0.12726902808302806,0.35350698412698417
5.0,0.24604532356532358,0.5559761172161173,0.41562881562881565,0.3457875457875458,0.12726902808302806,0.35350698412698417
5.0,0.24604532356532358,0.5559761172161173,0.41562881562881565,0.3457875457875458,0.12726902808302806,0.35350698412698417
5.0,0.24604532356532358,0.5559761172161173,0.41562881562881565,0.3457875457875458,0.12726902808302806,0.35350698412698417
5.0,0.24604532356532358,0.5559761172161173,0.41562881562881565,0.3457875457875458,0.12726902808302806,0.35350698412698417
5.0,0.24604532356532358,0.5559761172161173,0.41562881562881565,0.3457875457875458,0.12726902808302806,0.35350698412698417
5.0,0.24604532356532358,0.5559761172161173,0.41562881562881565,0.3457875457875458,0.12726902808302806,0.35350698412698417
5.0,0.24604532356532358,0.5559761172161173,0.41562881562881565,0.3457875457875458,0.12726902808302806,0.35350698412698417
5.0,0.24604532356532358,0.5559761172161173,0.41562881562881565,0.3457875457875458,0.12726902808302806,0.35350698412698417
5.0,0.24604532356532358,0.5559761172161173,0.41562881562881565,0.3457875457875458,0.12726902808302806,0.35350698412698417
6.0,0.40647130647130647,0.42125899877899875,0.49032695970695966,0.48739655677655674,0.4253968253968254,0.24154117460317462
6.0,0.4582553357753358,0.42528830280830277,0.5494098412698413,0.561633431013431,0.4496811721611722,0.2801383882783883
6.0,0.49016415140415137,0.4299823687423688,0.5860263247863248,0.6019671794871795,0.46735855921855923,0.3045719658119658
6.0,0.5093881318681318,0.43554471306471304,0.6172975091575091,0.6390856166056167,0.48376068376068376,0.32934473748473747
6.0,0.5243386324786325,0.4408899633699634,0.6428300122100122,0.6668972893772893,0.49849409035409037,0.3507529426129426
6.0,0.5319359706959707,0.4462895238095238,0.6637769719169719,0.689675750915751,0.5106634188034188,0.37027540903540906
6.0,0.4357753357753358,0.4318817094017094,0.5567222954822955,0.5207298901098901,0.4438610744810745,0.27454891330891334
6.0,0.5013431013431013,0.4384208302808303,0.6237959462759463,0.6091439316239315,0.48149504273504273,0.330226568986569
6.0,0.5172432478632479,0.4431013431013431,0.6486636874236874,0.6440781440781441,0.49776148962148964,0.35479582417582417
6.0,0.5315696703296703,0.45044092796092794,0.6690950915750915,0.6642517948717949,0.5150997069597069,0.3751051526251526
6.0,0.5371591452991453,0.45604395604395603,0.6901777289377289,0.6914936996336997,0.5287206593406594,0.3992673992673993
6.0,0.5392755311355311,0.4638312332112332,0.7002442002442002,0.7007733089133089,0.5416090109890109,0.41191155067155066
6.0,0.5124270818070817,0.43738976800976803,0.5446750671550671,0.4888617582417582,0.45889296703296706,0.26636820512820514
6.0,0.5354361660561661,0.4444715750915751,0.6095373870573871,0.5845475457875459,0.48622981684981686,0.3254239560439561
6.0,0.5442545054945055,0.45011531135531135,0.640903540903541,0.6280558974358974,0.5018450793650794,0.35932708180708184
6.0,0.5483923565323566,0.4559218559218559,0.6661240048840048,0.6615927228327229,0.5153846153846153,0.38907882783882786
6.0,0.551621221001221,0.46423824175824174,0.6832315750915751,0.6781576556776557,0.5299145299145299,0.4075294993894994
6.0,0.551512673992674,0.4698955311355311,0.699525177045177,0.698358437118437,0.5415954334554334,0.4313254700854701
6.0,0.39744947496947497,0.4627458852258852,0.5850630769230769,0.548582271062271,0.4901098901098901,0.2987382905982906
6.0,0.43922126984126986,0.4636548717948718,0.6084927472527473,0.564183956043956,0.5060507448107447,0.31847782661782664
6.0,0.4650793650793651,0.4663410744810745,0.6463709157509158,0.6130375824175824,0.523741684981685,0.36412969474969475
6.0,0.4824989743589744,0.46994979242979246,0.6598154822954823,0.6250576556776557,0.5351919658119658,0.37776420024420027
6.0,0.49474969474969477,0.4741147741147741,0.6810337728937729,0.6505223199023199,0.5474969474969476,0.40573870573870574
6.0,0.5016144322344323,0.4779405860805861,0.687437264957265,0.6541446153846154,0.5548093772893773,0.41195223443223444
6.0,0.4385293772893773,0.44821597069597074,0.5158187545787546,0.39574007326007327,0.47434539682539684,0.2609686691086691
6.0,0.5004884004884005,0.45115995115995117,0.5376204151404151,0.40607787545787544,0.4929589010989011,0.27567494505494505
6.0,0.5329263247863247,0.4568579487179487,0.5568036874236875,0.42295482295482295,0.508533431013431,0.2893365811965812
6.0,0.5445936752136752,0.46297653235653236,0.5715235409035408,0.4399538705738706,0.5216117216117216,0.3006647619047619
6.0,0.5474969474969476,0.4689323076923077,0.5892551892551893,0.4630579242979243,0.5337810256410256,0.314122905982906
6.0,0.5464523076923077,0.47453533577533574,0.610609133089133,0.4946140170940171,0.5453941147741147,0.331990231990232
6.0,0.5163885470085471,0.4510649816849817,0.4739655433455433,0.41535748473748474,0.4870166788766789,0.26185050061050064
6.0,0.547212039072039,0.45616605616605616,0.4979514285714286,0.4338488644688645,0.5014109401709401,0.27495589743589743
6.0,0.5610229304029304,0.46164698412698413,0.5145841758241758,0.44599103785103783,0.5127933821733821,0.28361145299145296
6.0,0.564292503052503,0.4673450061050061,0.53876,0.4705060317460317,0.5244200244200244,0.29788358974358975
6.0,0.5640347252747253,0.4726767032967033,0.5570343345543346,0.4883869108669109,0.5342965567765567,0.3084520390720391
6.0,0.5624202930402931,0.4774521855921856,0.5729073504273504,0.5046398046398046,0.5430877655677655,0.31840998778998775
6.0,0.43498847374847377,0.4738841514041514,0.5809659584859586,0.5083435164835165,0.4923755311355312,0.28837335775335776
6.0,0.4843304761904762,0.4789309401709402,0.6235381929181929,0.5533441758241758,0.5150454456654456,0.32146249084249084
6.0,0.5002713308913309,0.48205128205128206,0.6524352136752137,0.5942341636141636,0.5291005372405373,0.35099714285714284
6.0,0.5073395848595849,0.48453399267399266,0.6688237606837606,0.6175145787545788,0.5382037606837606,0.36746710622710627
6.0,0.5119115506715506,0.48722019536019534,0.6803418803418804,0.6352598046398046,0.5455297680097679,0.38057250305250306
6.0,0.5162664468864469,0.48985211233211234,0.6891330891330891,0.6459910378510378,0.5528286446886447,0.38848188034188036
6.0,0.3612671306471306,0.48192918192918194,0.5711301098901098,0.5401573626373626,0.5052503052503052,0.2639397557997558
6.0,0.40869623931623933,0.4838692063492064,0.5926197313797313,0.5456111843711844,0.5194410500610501,0.2791615873015873
6.0,0.43844796092796096,0.4873151648351648,0.6283408058608059,0.5820784126984128,0.5348256654456655,0.31272554334554337
6.0,0.4520689133089133,0.49035409035409033,0.6674128449328449,0.6332519413919414,0.5481617094017094,0.358499536019536
6.0,0.4605073992673993,0.4931759706959707,0.6715778021978022,0.6361552136752137,0.5545516239316239,0.3609550915750916
6.0,0.4658933577533578,0.49628273504273507,0.6847917460317461,0.6524487912087912,0.5629494017094017,0.37779135531135527
6.0,0.4363451282051282,0.4760005372405372,0.5439017826617826,0.516185054945055,0.516592039072039,0.26522859584859587
6.0,0.47076380952380953,0.4793786568986569,0.5671008058608058,0.5285985592185592,0.526672087912088,0.27925655677655675
6.0,0.48810202686202686,0.48226835164835163,0.600203492063492,0.564183956043956,0.5359788278388278,0.308831916971917
6.0,0.4991860073260073,0.48536156288156285,0.6346628571428571,0.6052503052503052,0.546235238095238,0.34303350427350426
6.0,0.5075023687423688,0.4883733577533577,0.6595305982905982,0.6341880341880342,0.5547958241758242,0.3681589987789988
6.0,0.5119929426129426,0.4913987301587302,0.6726631501831503,0.6500881807081808,0.5618776312576312,0.3829738217338218
6.0,0.3654456654456654,0.5036494261294261,0.5518518437118437,0.43350969474969475,0.5072988766788766,0.2662596581196581
6.0,0.3965947741147741,0.5061592673992674,0.6082756776556776,0.5105277411477411,0.5280558974358974,0.32364671550671553
6.0,0.41571020757020755,0.5080178998778998,0.6306878388278389,0.5397639316239315,0.5411748717948718,0.34521775335775334
6.0,0.42840862026862025,0.5096730402930403,0.6530050305250306,0.5729344810744811,0.55181115995116,0.37248676434676437
6.0,0.4422737728937729,0.5122914041514041,0.6651743345543345,0.5890245665445666,0.5638583638583639,0.38488671550671555
6.0,0.45041377289377293,0.5141364835164834,0.6880884493284494,0.6241079853479854,0.5743725518925519,0.4172975091575092
6.0,0.38517162393162396,0.49865689865689866,0.5991181684981685,0.4723511111111111,0.5160086935286936,0.2933930158730159
6.0,0.41613079365079364,0.5003391697191697,0.6368199755799755,0.5247049328449329,0.5349342124542125,0.33486637362637367
6.0,0.43288564102564103,0.5021706715506715,0.6569936263736263,0.5549314774114774,0.5473748473748474,0.3576719658119658
6.0,0.443481221001221,0.5040021733821733,0.6712250793650795,0.5756884981684981,0.5565866178266179,0.3748202442002442
6.0,0.45114637362637366,0.5055894749694749,0.6834486446886447,0.5951159951159951,0.5644010256410257,0.39066612942612944
6.0,0.4582960195360195,0.5073802686202686,0.6922805616605616,0.6094966788766789,0.5717948717948718,0.4030253724053724
6.0,0.43460859584859585,0.4998371916971917,0.6096730402930403,0.5060642979242979,0.527960927960928,0.30020349206349206
6.0,0.45148554334554336,0.5026454945054945,0.6414597802197802,0.5515398290598291,0.5430063736263736,0.3322751404151404
6.0,0.4615113308913309,0.5047890354090354,0.6681182905982905,0.5928639316239316,0.5547551159951161,0.36229819291819293
6.0,0.46875594627594624,0.506484884004884,0.6848053235653235,0.6183557264957266,0.5643603418803419,0.38229548229548227
6.0,0.47598698412698415,0.5079365079365079,0.6965540659340659,0.636521514041514,0.5711572405372405,0.3974358974358974
6.0,0.4819834432234432,0.509238901098901,0.7080450305250305,0.654280293040293,0.5782526007326007,0.41284764346764347
6.0,0.3241758241758242,0.5305250305250305,0.5732464957264957,0.44221951159951156,0.5658933577533577,0.28210554334554333
6.0,0.3554605860805861,0.5309320390720391,0.6044498656898657,0.4748473748473748,0.5774793162393163,0.31433997557997556
6.0,0.3709808791208791,0.5310676923076924,0.6430742124542125,0.5315696703296703,0.5875593650793651,0.3652421733821734
6.0,0.3865689865689866,0.5312576312576313,0.6560846642246643,0.5469271550671552,0.5939628327228327,0.37684168498168497
6.0,0.3990096214896215,0.5316646398046398,0.689675750915751,0.5999457387057386,0.6033102808302808,0.42484058608058606
6.0,0.40887260073260073,0.5322208547008547,0.6989689377289376,0.6150047374847375,0.6085877167277168,0.4363994139194139
6.0,0.3499253724053724,0.5354361660561661,0.593623663003663,0.4803011721611722,0.5779677167277167,0.30025777777777773
6.0,0.37062813186813187,0.5371726984126984,0.6240944322344323,0.5144892063492063,0.5892958974358975,0.33375389499389496
6.0,0.38557860805860805,0.5377696459096459,0.6520689133089134,0.5498575579975581,0.5975037362637362,0.3673178754578755
6.0,0.4001763614163614,0.5380273992673993,0.6658119658119658,0.5674535286935287,0.6042056654456655,0.3837606837606838
6.0,0.40948310134310134,0.5380681074481074,0.6819698901098902,0.5919685225885226,0.6094017094017095,0.4075294993894994
6.0,0.41609008547008547,0.5385022466422467,0.6999186080586081,0.6194953113553113,0.6150454456654457,0.43414732600732603
6.0,0.39194139194139194,0.532967032967033,0.6013159706959706,0.4817935042735043,0.5760141147741147,0.30515533577533577
6.0,0.40271333333333337,0.5358567277167277,0.627486105006105,0.5147334065934065,0.5866368253968254,0.3339980952380952
6.0,0.4106634188034188,0.5373355067155067,0.6513634432234432,0.5476326251526252,0.5952788034188035,0.3637362637362637
6.0,0.41796229548229547,0.5381630769230769,0.6748609523809525,0.5824718437118438,0.6023063247863247,0.39530593406593406
6.0,0.4246235164835165,0.5387328693528693,0.688617557997558,0.6031474725274725,0.6081942857142858,0.4141364835164835
6.0,0.430226568986569,0.5394112087912087,0.6976936752136752,0.6178944566544566,0.6131596825396826,0.4263329181929182
6.0,0.26606974358974356,0.5752136752136752,0.6099986324786324,0.518545641025641,0.6151539926739927,0.32646859584859583
6.0,0.286270525030525,0.5747659829059829,0.6234703540903541,0.5267127960927961,0.6199430280830281,0.33732192918192916
6.0,0.30335096459096456,0.5730837118437118,0.6460181684981685,0.5515805128205129,0.6234432234432234,0.364767326007326
6.0,0.31832859584859585,0.571062271062271,0.6630715018315018,0.571727032967033,0.6274318192918192,0.38583638583638585
6.0,0.3331976556776557,0.5689187301587302,0.6740876434676435,0.5847917460317461,0.6290191208791208,0.3993216605616605
6.0,0.3455976068376068,0.5669108669108669,0.6821462515262515,0.5948582173382173,0.6316239316239316,0.4097408791208791
6.0,0.26277304029304027,0.5649979731379732,0.592836800976801,0.5,0.6093338705738706,0.3073124297924298
6.0,0.2775064468864469,0.5662596581196581,0.6193867887667888,0.5259937484737485,0.6154524542124542,0.3357346275946276
6.0,0.29092388278388276,0.5657848351648351,0.6327635409035409,0.538868547008547,0.6175417094017094,0.3502645421245421
6.0,0.30472119658119656,0.5645095726495727,0.6528015140415141,0.5633699633699634,0.6217202442002442,0.3758784371184371
6.0,0.317365347985348,0.5629358241758242,0.6640347252747253,0.5758513064713064,0.6240537240537241,0.38930945054945054
6.0,0.3284764590964591,0.5614842002442002,0.671442148962149,0.5844254456654457,0.6258716483516483,0.3986433211233211
6.0,0.29898249084249084,0.5537783150183151,0.590584713064713,0.47659748473748476,0.6042192429792429,0.30274046398046395
6.0,0.30434134310134314,0.5570750183150184,0.6182878876678877,0.510215702075702,0.6106498412698413,0.3345814652014652
6.0,0.31212862026862026,0.5580382661782662,0.6584452503052503,0.5662053968253968,0.6185185103785104,0.38677247863247866
6.0,0.3210961904761905,0.5583502808302808,0.6741283516483517,0.5879527960927962,0.621665982905983,0.40584722832722836
6.0,0.32562744810744815,0.5582824664224665,0.684778192918193,0.6059964835164835,0.6252068864468865,0.42157101343101344
6.0,0.32949396825396826,0.5576176800976801,0.7027811721611722,0.6343508424908425,0.628856336996337,0.44869081807081806
